{
    "conditions": [
        {
            "type": "forge:mod_loaded",
            "modid": "create"
        },
        {
            "type": "forge:mod_loaded",
            "modid": "farmersdelight"
        }
    ],
    "fabric:load_conditions": [
        {
            "condition": "fabric:all_mods_loaded",
            "values": [
                "create",
                "farmersdelight"
            ]
        }
    ],
    "type": "create:mixing",
    "ingredients": [
        {
            "item": "minecraft:apple",
            "count": 1
        },
        {
            "item": "minecraft:apple",
            "count": 1
        },
        {
            "item": "minecraft:sugar",
            "count": 1
        },
        {
            "item": "minecraft:glass_bottle",
            "count": 1
        }
    ],
    "results": [
        {
            "item": "farmersdelight:apple_cider",
            "count": 1,
            "return_chance": 1.0
        }
    ]
}