{
  "fabric:load_conditions": [
    {
      "condition": "fabric:all_mods_loaded",
      "values": [
        "create",
        "farmersdelight"
      ]
    }
  ],
  "type": "create:filling",
  "ingredients": [
    {
      "item": "minecraft:glass_bottle",
      "count": 1
    },
    {
      "fluid": "create:chocolate",
      "nbt": {},
      "amount": 20250
    }
  ],
  "results": [
    {
      "item": "farmersdelight:hot_cocoa",
      "count": 1,
      "return_chance": 1.0
    }
  ]
}