{
    "fabric:load_conditions": [
        {
            "condition": "fabric:all_mods_loaded",
            "values": [
                "create",
                "farmersdelight"
            ]
        }
    ],
    "type": "create:deploying",
    "ingredients": [
        {
            "item": "farmersdelight:wild_beetroots",
            "count": 1
        },
        {
            "tag": "c:tools/knives",
            "count": 1
        }
    ],
    "results": [
        {
            "item": "farmersdelight:beetroot_seeds",
            "count": 1,
            "return_chance": 1.0
        },
        {
            "item": "minecraft:red_dye",
            "count": 1,
            "return_chance": 1.0
        }
    ]
}