{
    "fabric:load_conditions": [
        {
            "condition": "fabric:all_mods_loaded",
            "values": [
                "create",
                "farmersdelight"
            ]
        }
    ],
    "type": "create:deploying",
    "ingredients": [
        {
            "item": "farmersdelight:wild_carrots",
            "count": 1
        },
        {
            "tag": "c:tools/knives",
            "count": 1
        }
    ],
    "results": [
        {
            "item": "farmersdelight:carrot",
            "count": 1,
            "return_chance": 1.0
        },
        {
            "item": "minecraft:light_gray_dye",
            "count": 2,
            "return_chance": 0.5
        }
    ]
}