{
    "conditions": [
        {
            "type": "forge:mod_loaded",
            "modid": "create"
        },
        {
            "type": "forge:mod_loaded",
            "modid": "farmersdelight"
        }
    ],
    "fabric:load_conditions": [
        {
            "condition": "fabric:all_mods_loaded",
            "values": [
                "create",
                "farmersdelight"
            ]
        }
    ],
    "type": "create:deploying",
    "ingredients": [
        {
            "item": "minecraft:cooked_chicken",
            "count": 1
        },
        {
            "tag": "c:tools/knives",
            "count": 1
        }
    ],
    "results": [
        {
            "item": "farmersdelight:cooked_chicken_cuts",
            "count": 2,
            "return_chance": 1.0
        },
        {
            "item": "minecraft:bone_meal",
            "count": 1,
            "return_chance": 1.0
        }
    ]
}